{
  "timestamp": "2026-04-13T14:19:06",
  "camera_name": "cam0",
  "camera_index": 4,
  "method": "horaud",
  "num_pairs": 35,
  "T_cam2arm": [
    [
      0.1920372550066919,
      0.8785134443052117,
      -0.43741950215381403,
      0.6461401549492211
    ],
    [
      -0.8312198089577204,
      -0.09134789394647636,
      -0.5483878111955416,
      0.0771335027302184
    ],
    [
      -0.5217234151212573,
      0.4689026449557943,
      0.7126955785380413,
      0.18886590907383086
    ],
    [
      0.0,
      0.0,
      0.0,
      1.0
    ]
  ],
  "method_candidates": [
    "park",
    "daniilidis",
    "horaud"
  ],
  "method_trials": [
    {
      "method": "park",
      "success": true,
      "mean_mm_uncompensated": 1410.085529919765,
      "mean_mm_compensated": 450.0935367845661,
      "improvement_percent": 68.08040879547379
    },
    {
      "method": "daniilidis",
      "success": true,
      "mean_mm_uncompensated": 2699.5105509041496,
      "mean_mm_compensated": 442.95688482697943,
      "improvement_percent": 83.59121490824995
    },
    {
      "method": "horaud",
      "success": true,
      "mean_mm_uncompensated": 285.69965176441013,
      "mean_mm_compensated": 232.1157836565383,
      "improvement_percent": 18.755314462916274
    }
  ],
  "selected_method": "horaud",
  "target_offset_gripper_m": [
    0.016400172735966195,
    0.151772831846893,
    -0.02621681880984078
  ],
  "target_offset_gripper_m_config": [
    -0.095807,
    0.246983,
    -0.619049
  ],
  "offset_source": "estimated_from_samples",
  "validation_uncompensated": {
    "mean_mm": 285.69965176441013,
    "median_mm": 256.1716766047058,
    "p95_mm": 468.85493337110876,
    "max_mm": 488.7064472707614,
    "count": 35
  },
  "validation_compensated": {
    "mean_mm": 232.1157836565383,
    "median_mm": 247.7409520726646,
    "p95_mm": 421.54401916511796,
    "max_mm": 504.5658140667479,
    "count": 35
  },
  "validation_improvement": {
    "mean_mm_delta": 53.58386810787184,
    "mean_mm_delta_percent": 18.755314462916274
  }
}