{
  "timestamp": "2026-04-02T19:12:47",
  "camera_name": "cam0",
  "camera_index": 4,
  "method": "horaud",
  "num_pairs": 32,
  "T_cam2arm": [
    [
      -0.09619318596393833,
      0.1892565008589402,
      -0.9772046090030153,
      0.6833930390072368
    ],
    [
      0.9905280229305455,
      -0.07844473828169896,
      -0.11269719972217263,
      -0.30834093020912406
    ],
    [
      -0.09798523747693161,
      -0.9787892520448642,
      -0.17991801832513477,
      0.8846088615685064
    ],
    [
      0.0,
      0.0,
      0.0,
      1.0
    ]
  ],
  "method_candidates": [
    "park",
    "daniilidis",
    "horaud"
  ],
  "method_trials": [
    {
      "method": "park",
      "success": true,
      "mean_mm_uncompensated": 1525.001615772038,
      "mean_mm_compensated": 306.8847231797313,
      "improvement_percent": 79.8764329161468
    },
    {
      "method": "daniilidis",
      "success": true,
      "mean_mm_uncompensated": 7874.555623545255,
      "mean_mm_compensated": 1495.2609159342833,
      "improvement_percent": 81.01148829956335
    },
    {
      "method": "horaud",
      "success": true,
      "mean_mm_uncompensated": 439.15473698529456,
      "mean_mm_compensated": 115.73393438719054,
      "improvement_percent": 73.64620607722922
    }
  ],
  "selected_method": "horaud",
  "target_offset_gripper_m": [
    -0.16744527724167607,
    0.18392146763050754,
    -0.3451329159956724
  ],
  "target_offset_gripper_m_config": [
    -0.095807,
    0.246983,
    -0.619049
  ],
  "offset_source": "estimated_from_samples",
  "validation_uncompensated": {
    "mean_mm": 439.15473698529456,
    "median_mm": 444.74492536224966,
    "p95_mm": 526.4397135800185,
    "max_mm": 539.6244376681886,
    "count": 32
  },
  "validation_compensated": {
    "mean_mm": 115.73393438719054,
    "median_mm": 103.52219163797784,
    "p95_mm": 214.75316212012277,
    "max_mm": 219.97387857966342,
    "count": 32
  },
  "validation_improvement": {
    "mean_mm_delta": 323.42080259810405,
    "mean_mm_delta_percent": 73.64620607722922
  },
  "validation_scatter_plot": "/home/laptop4080/project/RO002/phase7_eye_to_hand/outputs/reports/validation_error_scatter.png"
}