{
  "T_model_arm_to_cam": [
    [
      6.123233995736766e-17,
      -1.0,
      0.0,
      0.5
    ],
    [
      6.123233995736766e-17,
      3.749399456654644e-33,
      1.0,
      0.0
    ],
    [
      -1.0,
      -6.123233995736766e-17,
      6.123233995736766e-17,
      0.8
    ],
    [
      0.0,
      0.0,
      0.0,
      1.0
    ]
  ],
  "T_cam_to_arm": [
    [
      6.123233995736766e-17,
      6.123233995736766e-17,
      -1.0,
      0.8
    ],
    [
      -1.0,
      3.749399456654644e-33,
      -6.123233995736766e-17,
      0.5
    ],
    [
      0.0,
      1.0,
      6.123233995736766e-17,
      -4.898587196589413e-17
    ],
    [
      0.0,
      0.0,
      0.0,
      1.0
    ]
  ],
  "icp": {
    "fitness": 0.0,
    "inlier_rmse": 0.0
  }
}